name,version,remote_url,category,opted_out,protocol_version,tool_count,valid_input_schemas,invalid_input_schemas,discovery_present,tls_valid,latency_ms,probe1_at_utc,probe2_at_utc
io.github.mcp-dir/stonepagamentos-mcp,0.1.0,https://api.mcp.ai/p_stonepagamentos,OK_WITH_ISSUES,False,2025-11-25,25,25,0,False,True,20623.42,2026-09-27T12:19:57.739734+00:00,
io.github.mcp-dir/detran_go_gravame-mcp,0.1.0,https://api.mcp.ai/p_detran_go_gravame,OK_WITH_ISSUES,False,2025-11-25,7,7,0,False,True,20747.86,2026-09-27T12:19:57.776763+00:00,
io.github.solarx56/vyrl,1.0.0,https://vyrl.pro/api/mcp,AUTH_REQUIRED,False,,0,0,0,False,True,3427.64,2026-09-27T12:19:57.721552+00:00,
com.scriptmasterlabs/provider-trust,1.2.0,https://squeezeos-api.onrender.com/mcp/provider-trust,OK,False,2025-11-25,6,6,0,True,True,4298.24,2026-09-27T12:19:57.758678+00:00,
io.github.pipeworx-io/data-michigan,0.1.2,https://gateway.pipeworx.io/data-michigan/mcp,OK,False,2025-03-26,39,39,0,True,True,7498.44,2026-09-27T12:20:21.784979+00:00,
io.github.mcp-dir/sintegra_sp-mcp,0.1.0,https://api.mcp.ai/p_sintegra_sp,OK_WITH_ISSUES,False,2025-11-25,7,7,0,False,True,6572.22,2026-09-27T12:20:21.820485+00:00,
io.github.Final-Commerce/final-docs,1.0.0,https://docs.finalpos.com/mcp,UNREACHABLE,False,,0,0,0,False,False,0,2026-09-27T12:20:21.766864+00:00,
io.github.theluckystrike/terms,0.22.3,https://mcp.zovo.one/mcp/terms,OK_WITH_ISSUES,False,2025-11-25,12,12,0,False,True,4510.33,2026-09-27T12:20:21.802827+00:00,
com.zoningsignal/observatory,2.3.0,https://zoningsignal.com/mcp,OK,False,2025-11-25,18,18,0,True,True,4370.19,2026-09-27T12:20:57.903158+00:00,
com.clment/clment,1.0.0,https://api-us.clment.com/v1/mcp,AUTH_REQUIRED,False,,0,0,0,False,True,4071.41,2026-09-27T12:20:57.922054+00:00,
io.github.sadri-dridi/util-095,1.0.0,https://agent-observatory-sensor.nolimit-observatory.workers.dev/s/util-095/mcp,OK,False,2025-03-26,31,31,0,True,True,4588.92,2026-09-27T12:20:57.867324+00:00,
io.github.pipeworx-io/giphy,0.1.2,https://gateway.pipeworx.io/giphy/mcp,OK,False,2025-03-26,39,39,0,True,True,4375.89,2026-09-27T12:20:57.885309+00:00,
com.airblockfz/inflation-signal,1.0.0,https://inflation-signal.airblock2026.workers.dev/mcp,OK_WITH_ISSUES,False,2024-11-05,5,5,0,False,True,4203.47,2026-09-27T12:21:03.361985+00:00,
io.github.pipeworx-io/ulid,0.1.1,https://gateway.pipeworx.io/ulid/mcp,OK,False,2025-03-26,38,38,0,True,True,12578.92,2026-09-27T12:21:03.380258+00:00,
io.github.pipeworx-io/noaa-spc,0.1.2,https://gateway.pipeworx.io/noaa-spc/mcp,OK,False,2025-03-26,40,40,0,True,True,10350.57,2026-09-27T12:21:03.344327+00:00,
co.civai.nova/telegram-agent,1.0.0,https://nova.civai.co/mcp/agents/telegram-agent,OK_WITH_ISSUES,False,2025-11-25,16,16,0,False,True,4428.11,2026-09-27T12:21:03.326061+00:00,
com.meettempi/tempi-account,1.0.0,https://meettempi.com/mcp/account,AUTH_REQUIRED,False,,0,0,0,True,True,4183.81,2026-09-27T12:21:16.016963+00:00,
io.github.pipeworx-io/passive-aggression,0.1.3,https://gateway.pipeworx.io/passive-aggression/mcp,OK,False,2025-03-26,37,37,0,True,True,10513.09,2026-09-27T12:21:16.035142+00:00,
io.github.sadri-dridi/pem-ok,1.0.0,https://agent-observatory-sensor.nolimit-observatory.workers.dev/s/pem-ok/mcp,OK,False,2025-03-26,30,30,0,True,True,4229.63,2026-09-27T12:21:15.980874+00:00,
io.github.pipeworx-io/archive,0.1.2,https://gateway.pipeworx.io/archive/mcp,OK,False,2025-03-26,40,40,0,True,True,12730.28,2026-09-27T12:21:15.998976+00:00,
